{
  "version": 1,
  "author": "Calculus Programming",
  "editor": "wokwi",
  "parts": [
    { "type": "wokwi-esp32-devkit-v1", "id": "esp", "top": -100.9, "left": 14.2, "attrs": {} },
    { "type": "chip-mq2", "id": "chip1", "top": 49.02, "left": 225.6, "attrs": {} },
    {
      "type": "wokwi-lcd2004",
      "id": "lcd1",
      "top": -128,
      "left": 226.4,
      "attrs": { "pins": "i2c" }
    },
    {
      "type": "wokwi-buzzer",
      "id": "bz1",
      "top": -314.4,
      "left": -123,
      "attrs": { "volume": "0.1" }
    },
    {
      "type": "wokwi-led",
      "id": "led1",
      "top": -243.6,
      "left": 147.8,
      "attrs": { "color": "red", "flip": "1" }
    },
    {
      "type": "wokwi-led",
      "id": "led2",
      "top": -243.6,
      "left": 196.2,
      "attrs": { "color": "limegreen", "flip": "1" }
    },
    {
      "type": "wokwi-led",
      "id": "led3",
      "top": -243.6,
      "left": 90.2,
      "attrs": { "color": "yellow", "flip": "1" }
    }
  ],
  "connections": [
    [ "esp:TX0", "$serialMonitor:RX", "", [] ],
    [ "esp:RX0", "$serialMonitor:TX", "", [] ],
    [ "bz1:2", "esp:D2", "red", [ "v96", "h230", "v-76.1" ] ],
    [ "bz1:1", "esp:GND.2", "black", [ "v0" ] ],
    [ "lcd1:GND", "esp:GND.2", "black", [ "h-230.4", "v105.6", "v48.1" ] ],
    [ "lcd1:VCC", "esp:VIN", "red", [ "h-240", "v153.7" ] ],
    [ "lcd1:SDA", "esp:D21", "magenta", [ "h-28.8", "v0.2" ] ],
    [ "lcd1:SCL", "esp:D22", "#8f4814", [ "h-38.4", "v57.9" ] ],
    [ "chip1:GND", "esp:GND.2", "black", [ "h-28.8", "v57.6", "h-182.4", "v-76.8" ] ],
    [ "chip1:AO", "esp:D34", "blue", [ "h-19.2", "v48", "h-201.6", "v-192" ] ],
    [ "esp:VIN", "chip1:VCC", "red", [ "h-38.4", "v96", "h259.2", "v-38.4", "h9.6", "v-57.6" ] ],
    [ "led1:A", "esp:D23", "green", [ "v124.8", "h0.4" ] ],
    [ "led1:C", "esp:GND.2", "black", [ "v201.6", "h-153.6", "v124.8" ] ],
    [ "esp:D19", "led2:A", "green", [ "h86.1", "v-0.1" ] ],
    [ "led2:C", "esp:GND.2", "black", [ "v96", "h-211.6", "v86.4" ] ],
    [ "led3:C", "esp:GND.2", "black", [ "v96", "h-9.6" ] ],
    [ "led3:A", "esp:D18", "green", [ "v86.4", "h29.2", "v96" ] ]
  ],
  "dependencies": {}
}